{
    "custom_kmeans": {
        "clusters": [
            [
                1.3496425808785442,
                -0.22622221499450662
            ],
            [
                -0.042110076994152375,
                1.0370648035859857
            ],
            [
                -0.8539961093927826,
                -1.7647220160436672
            ],
            [
                0.8355533400867969,
                0.19263201916292055
            ],
            [
                -1.265731081450924,
                0.7479992164489032
            ]
        ],
        "inertia": 64.18577838685624,
        "silhouette_score": 0.6806597714929806
    },
    "sklearn_kmeans": {
        "clusters": [
            [
                -0.9484655465318551,
                -1.6750746185429262
            ],
            [
                1.088748163999707,
                -0.012841781188608318
            ],
            [
                -1.2657310814509237,
                0.7479992164489034
            ],
            [
                -0.040351243889010874,
                1.0333710926147766
            ],
            [
                -0.7261845179693309,
                -1.8860096714858423
            ]
        ],
        "inertia": 103.408612665721,
        "silhouette_score": 0.6207248878849891
    }
}