{
    "custom": {
        "accuracy": 0.9912280701754386,
        "thetas": [
            0.40885828719260464,
            -0.4136520241342367,
            -0.4198685275841166,
            -0.408063077988172,
            -0.41367961957614946,
            -0.1635095099527551,
            -0.10929020888793718,
            -0.3288720702073476,
            -0.4489951223983871,
            -0.09221670328366753,
            0.1779619315990725,
            -0.3907882932846341,
            -0.012663046823957512,
            -0.3180608662072153,
            -0.34438147493263865,
            -0.01932510385539736,
            0.16465072865163755,
            0.10536741737998839,
            -0.04495884097354544,
            0.09529097081262321,
            0.23456117859221348,
            -0.5030978935536561,
            -0.5230462629838232,
            -0.47514209794527373,
            -0.4768802948203715,
            -0.35644813754843135,
            -0.21291607070256593,
            -0.33328547723558644,
            -0.44835625113245636,
            -0.36602549765152287,
            -0.09868502102340544
        ],
        "final_cost": 0.09497293443265549,
        "learning_rate": 0.001,
        "num_iterations": 15000
    },
    "sklearn": {
        "accuracy": 0.9912280701754386,
        "intercept": [
            0.39044897136919515
        ],
        "coefficient": [
            [
                -0.35768723356358095,
                -0.39886991463001237,
                -0.3477820370345389,
                -0.3747760590371886,
                -0.12537054916829082,
                0.024511733415514752,
                -0.37864211267765496,
                -0.47948971597022366,
                -0.02825553088766938,
                0.1604971875030483,
                -0.4945661948574535,
                0.02987472705238896,
                -0.35262451753611523,
                -0.39495007158388185,
                -0.08466671995965311,
                0.2679846742667051,
                0.07333319838224175,
                -0.07090836590061626,
                0.14636161264324565,
                0.2456842110106748,
                -0.4978889694089516,
                -0.5802794704231073,
                -0.44282878523145774,
                -0.47944876988477436,
                -0.3817657803806067,
                -0.140925351046545,
                -0.3996417673530353,
                -0.4481396109130453,
                -0.46904272015928833,
                -0.11864572383339111
            ]
        ]
    }
}