{
    "custom_kmeans": {
        "clusters": [
            [
                -0.8044796524524421,
                -1.9248305229678688
            ],
            [
                -0.8945095741621514,
                -1.6337241467420442
            ],
            [
                0.7793329075679447,
                0.26315022665680954
            ],
            [
                -0.702998882108787,
                0.8910919561654058
            ],
            [
                1.3388582252069212,
                -0.2168966639293863
            ]
        ],
        "inertia": 213.67445896166544,
        "silhouette_score": 0.46383908835600346
    },
    "sklearn_kmeans": {
        "clusters": [
            [
                -0.9484655465318551,
                -1.6750746185429264
            ],
            [
                1.088748163999707,
                -0.01284178118860832
            ],
            [
                -1.2657310814509235,
                0.7479992164489034
            ],
            [
                -0.04035124388901087,
                1.0333710926147766
            ],
            [
                -0.7261845179693309,
                -1.8860096714858423
            ]
        ],
        "inertia": 103.408612665721,
        "silhouette_score": 0.6207248878849891
    }
}