{
    "custom": {
        "accuracy": 0.9824561403508771,
        "thetas": [
            0.5463159494134512,
            -0.5394238185468768,
            -0.6447670728119338,
            -0.5124882302048858,
            -0.5901901445434002,
            -0.18991999721446964,
            0.30185575551475435,
            -0.7275303548682657,
            -0.8826898016922418,
            0.09131946531550693,
            0.2990451096519284,
            -1.0671472040251628,
            0.09729418365875178,
            -0.696985223355804,
            -0.8023750503741751,
            -0.22864457233706065,
            0.7343075805465269,
            0.04404855011518623,
            -0.1899698890252103,
            0.37861187911381594,
            0.6183986341776664,
            -0.8906630244007325,
            -1.1647743268261121,
            -0.7411082701273787,
            -0.8670402298363037,
            -0.7564459314191082,
            -0.08456113906264576,
            -0.8519071140563272,
            -0.8360761592982328,
            -1.018017820083503,
            -0.14614550304101473
        ],
        "final_cost": 0.05706809170744165,
        "learning_rate": 0.01,
        "num_iterations": 15000
    },
    "sklearn": {
        "accuracy": 0.9736842105263158,
        "intercept": [
            0.4452647363634852
        ],
        "coefficient": [
            [
                -0.4318900007186308,
                -0.3881337190927231,
                -0.3934326855211635,
                -0.4654168877413194,
                -0.07160234665627371,
                0.5400481674525404,
                -0.8020720086736627,
                -1.1206953857388333,
                0.2351040902405264,
                0.07539024721192644,
                -1.268955498802307,
                0.18850701341088183,
                -0.610520590520535,
                -0.9079315991477955,
                -0.31267736845745947,
                0.6822467218665776,
                0.17559257304533768,
                -0.311079832597845,
                0.5006805690512096,
                0.6157491189519432,
                -0.8801743164970233,
                -1.3513676235045968,
                -0.5895004162197983,
                -0.8425632720357906,
                -0.5455623746366811,
                0.01598836347217059,
                -0.9433077701537114,
                -0.7776499112185017,
                -1.2077387981946446,
                -0.15627663009748852
            ]
        ]
    }
}