{
    "custom_kmeans_3D": {
        "clusters": [
            [
                0.3056814136044955,
                -0.7288875612565846,
                -1.1664062140421012
            ],
            [
                0.6967124562918378,
                -1.0831816756042583,
                1.3714568687495505
            ],
            [
                1.1293760675291087,
                -0.57949352014164,
                -1.0816121408440038
            ],
            [
                -0.49781488097292786,
                1.3076244128165775,
                0.6493291320323507
            ],
            [
                -1.6463104762613825,
                1.081697433569181,
                0.2259604430062324
            ]
        ],
        "inertia": 71.25420479103443,
        "silhouette_score": 0.6982626985020429
    },
    "sklearn_kmeans_3D": {
        "clusters": [
            [
                -0.49781488097292803,
                1.3076244128165775,
                0.6493291320323507
            ],
            [
                1.1293760675291087,
                -0.5794935201416404,
                -1.081612140844004
            ],
            [
                0.6967124562918379,
                -1.0831816756042576,
                1.3714568687495508
            ],
            [
                0.3056814136044955,
                -0.7288875612565846,
                -1.1664062140421012
            ],
            [
                -1.646310476261383,
                1.0816974335691805,
                0.22596044300623236
            ]
        ],
        "inertia": 71.25420479103444,
        "silhouette_score": 0.6982626985020429
    }
}