{
    "custom": {
        "iteration": 99000,
        "cost": 4.476971375975179,
        "theta0": -3.895780878311729,
        "theta1": 1.193033644189581
    },
    "sklearn": {
        "intercept": -3.895780878311852,
        "coefficient": 1.1930336441895937
    }
}